feature,impurity_importance,perm_importance_mean,perm_importance_std,rank_perm,rank_impurity,rank_avg
px_212,0.005108329294794457,0.0010083333333333778,0.0002897556441785733,1.0,39.0,20.0
px_457,0.004176902757624106,0.0007583333333333719,0.00022189211592824347,2.0,77.0,39.5
px_485,0.004133059786493041,0.0007416666666667071,0.0002699022456783485,3.0,80.0,41.5
px_298,0.004012718827964435,0.0007333333333333636,0.0002708012801545022,4.0,86.0,45.0
px_456,0.0035615715378195553,0.0007000000000000339,0.00014999999999998348,5.0,106.0,55.5
px_516,0.0042640778273477925,0.0006916666666667015,0.00020429417786883188,6.0,71.0,38.5
px_292,0.003623749642039872,0.0006916666666667015,0.000250138850330033,6.0,104.0,55.0
px_211,0.007049532418672416,0.0006833333333333802,0.00039581140290123856,8.0,8.0,8.0
px_429,0.004546841599874817,0.0006833333333333691,0.00023804761428473546,9.0,56.0,32.5
px_270,0.004252678002592146,0.0006750000000000367,0.00016853123680128713,10.0,72.0,41.0
px_461,0.007303932496549348,0.0006666666666667043,0.00024999999999997247,11.0,6.0,8.5
px_319,0.005077643335485902,0.0006250000000000422,0.00019454362549879112,12.0,40.0,26.0
px_354,0.004091278586039547,0.0006250000000000422,0.00015478479684170554,12.0,82.0,47.0
px_433,0.008337833686832418,0.0006083333333333774,0.00011211353372560191,14.0,3.0,8.5
px_430,0.005385946345315926,0.0006083333333333774,0.0001396921217853197,14.0,33.0,23.5
px_514,0.006365858989847683,0.0006000000000000339,0.00028333333333332566,16.0,14.0,15.0
px_377,0.006890943326648003,0.0005916666666667236,0.0003172144385112261,17.0,9.0,13.0
px_345,0.004828688239605191,0.0005916666666667125,0.00013667682889045765,18.0,44.0,31.0
px_517,0.0039029223798918975,0.0005916666666667125,0.00016853123680128713,18.0,91.0,54.5
px_658,0.004362286689619873,0.0005833333333333801,0.00015811388300840154,20.0,65.0,42.5
px_378,0.009648122830297754,0.000583333333333369,0.00022360679774997917,21.0,1.0,11.0
px_513,0.004062369911458494,0.0005750000000000366,0.00031721443851122024,22.0,84.0,53.0
px_268,0.0033972774814080985,0.0005583333333333829,0.00016687486995415484,23.0,118.0,70.5
px_484,0.0032259020943531686,0.0005500000000000504,0.00012472191289245098,24.0,123.0,73.5
px_546,0.0018837546940116711,0.000541666666666718,0.0001717960677340503,25.0,201.0,113.0
px_460,0.006023969932714636,0.0005333333333333746,0.000264049658629241,26.0,17.0,21.5
px_213,0.002921151231614605,0.0005250000000000421,0.00022063670491456424,27.0,140.0,83.5
px_236,0.0032261924957626845,0.0005083333333333884,0.00023109041039767533,28.0,122.0,75.0
px_437,0.006725146702200274,0.0005083333333333773,0.00023109041039769576,29.0,10.0,19.5
px_541,0.004772897587699135,0.0005083333333333773,0.0003172144385112179,29.0,48.0,38.5
px_349,0.0040603345388362565,0.000500000000000056,0.00024438130497689276,31.0,85.0,58.0
px_542,0.005809932737497882,0.0005000000000000449,0.00026087459737497156,32.0,20.0,26.0
px_242,0.0031268350418783594,0.0004833333333333911,0.00017400510848182332,33.0,131.0,82.0
px_547,0.0014066626670612703,0.0004833333333333911,0.00011666666666665382,33.0,260.0,146.5
px_326,0.004517872835468165,0.0004750000000000698,0.0002790111507130536,35.0,58.0,46.5
px_512,0.0027239896688416236,0.0004666666666667263,0.00017559422921419295,36.0,154.0,95.0
px_659,0.0026880597866183703,0.0004666666666667263,0.00013017082793176325,36.0,159.0,97.5
px_545,0.0024410577965280986,0.0004666666666667263,0.00018333333333331314,36.0,166.0,101.0
px_373,0.0055481941297322555,0.0004666666666667152,0.0002505549396395416,39.0,29.0,34.0
px_597,0.004179110348867319,0.0004666666666667152,0.0002533114025595036,39.0,76.0,57.5
px_405,0.007451056960726105,0.000466666666666693,0.00038042374035044324,41.0,5.0,23.0
px_241,0.003148246660882569,0.0004583333333333939,0.00011931517552728981,42.0,127.0,84.5
px_684,0.0016266627253486794,0.00045000000000006146,0.00019790570145061014,43.0,231.0,137.0
px_552,0.001544388416886708,0.00045000000000006146,0.00016749792701866304,43.0,241.0,142.0
px_269,0.003805115926406611,0.00045000000000005035,0.00017950549357115302,45.0,97.0,71.0
px_382,0.0041689838465643475,0.00044166666666672905,0.00016266017746617488,46.0,78.0,62.0
px_207,0.0025011872793551855,0.00043333333333339663,0.00013333333333331865,47.0,164.0,105.5
px_574,0.0018426448276503368,0.00043333333333339663,0.00015275252316517785,47.0,204.0,125.5
px_156,0.005407582857841496,0.0004333333333333744,0.000252212432507029,49.0,32.0,40.5
px_596,0.0045152961068735415,0.00043333333333336335,0.00026562295750850177,50.0,59.0,54.5
px_403,0.004846117615367383,0.0004250000000000642,0.00016853123680128713,51.0,43.0,47.0
px_686,0.001089591214514197,0.0004250000000000642,0.00013149778198381467,51.0,294.0,172.5
px_401,0.004217676771430705,0.0004250000000000531,0.00020564937798754688,53.0,75.0,64.0
px_181,0.002913660159337378,0.0004166666666667318,0.0001666666666666483,54.0,141.0,97.5
px_524,0.001738295927291501,0.0004166666666667318,0.00010540925533893437,54.0,215.0,134.5
px_383,0.0016607457511041447,0.0004166666666667318,0.0001394433377556639,54.0,227.0,140.5
px_243,0.003003949030399044,0.0004166666666667207,0.00017873008824606634,57.0,137.0,97.0
px_352,0.0038691142937219178,0.0004083333333333994,0.00013667682889045765,58.0,92.0,75.0
px_322,0.004414954032788891,0.00040833333333338827,0.00019525624189766335,59.0,61.0,60.0
px_267,0.0039923215584054695,0.00040000000000006697,0.00013844373104861932,60.0,88.0,74.0
px_607,0.0011881945756087302,0.00040000000000006697,9.71825315807443e-05,60.0,287.0,173.5
px_578,0.002093708296785741,0.00040000000000005586,0.000157233018867621,62.0,184.0,123.0
px_406,0.0071537513053569,0.0004000000000000337,0.00031135902820448967,63.0,7.0,35.0
px_402,0.0054406854541701995,0.00039166666666672344,0.00023288647687469898,64.0,31.0,47.5
px_324,0.003507054002339289,0.00039166666666672344,0.00015833333333333753,64.0,110.0,87.0
px_184,0.003684681595570515,0.0003916666666667123,0.0002636548669926102,66.0,98.0,82.0
px_549,0.00228035365870261,0.0003916666666667123,0.0002358495283014299,66.0,176.0,121.0
px_522,0.002056999138558575,0.00038333333333340214,0.00013017082793176325,68.0,186.0,127.0
px_350,0.008933205085060097,0.000383333333333391,0.0002692582403567148,69.0,2.0,35.5
px_214,0.002509297020260662,0.0003750000000000697,0.00010704360482219761,70.0,163.0,116.5
px_182,0.004079071872077026,0.0003750000000000586,0.0002243818669639315,71.0,83.0,77.0
px_577,0.0017922383068432442,0.0003750000000000586,0.00012500000000001215,71.0,209.0,140.0
px_235,0.0032707720205514554,0.0003666666666667373,0.00018333333333331314,73.0,120.0,96.5
px_380,0.004244312392433043,0.0003666666666667262,0.0001632993161855465,74.0,73.0,73.5
px_523,0.002093653416135746,0.0003666666666667262,0.00015898986690282655,74.0,185.0,129.5
px_379,0.004277557365945682,0.00035833333333338266,0.00022063670491456966,76.0,69.0,72.5
px_327,0.003149522136902731,0.00035833333333338266,0.00022684429314694267,76.0,126.0,101.0
px_351,0.005061703960549127,0.00035000000000006136,0.00019649710204252004,78.0,41.0,59.5
px_291,0.004960222864401523,0.00035000000000006136,0.00020000000000000202,78.0,42.0,60.0
px_626,0.0031107447881621167,0.00034166666666672895,0.00018047006523089877,80.0,132.0,106.0
px_300,0.002438553289746534,0.00034166666666672895,0.00014648663192706133,80.0,167.0,123.5
px_374,0.005652158812788847,0.00034166666666671783,0.00019166666666667548,82.0,25.0,53.5
px_550,0.003405432675119807,0.00033333333333340764,0.00016244657241346484,83.0,115.0,99.0
px_385,0.0016762820293433215,0.00033333333333340764,0.00010540925533893437,83.0,222.0,152.5
px_438,0.0029707154226016478,0.00033333333333339653,0.00022973414586816926,85.0,138.0,111.5
px_299,0.0036661858960570265,0.0003333333333333854,0.00026614532371119746,86.0,99.0,92.5
px_150,0.0019058227464595684,0.0003333333333333854,0.00017078251276600697,86.0,199.0,142.5
px_346,0.005364262825237602,0.00033333333333337436,0.0002581988897471721,88.0,35.0,61.5
px_685,0.0014393262091031164,0.00032500000000007523,0.0001261062162534991,89.0,258.0,173.5
px_410,0.002853111281715867,0.0003250000000000641,0.00017658016750347674,90.0,146.0,118.0
px_486,0.00481345544250031,0.00032500000000004194,0.00031280540631873634,91.0,45.0,68.0
px_432,0.004264357456599027,0.0003166666666667317,0.0001779513042005272,92.0,70.0,81.0
px_375,0.005722368237314695,0.00031666666666670953,0.00027838821814151165,93.0,22.0,57.5
px_496,0.0015973988336085987,0.0003083333333334104,9.895285072530507e-05,94.0,233.0,163.5
px_239,0.005644418363628875,0.00030833333333338817,0.0002501388503300678,95.0,27.0,61.0
px_540,0.004692977141712054,0.00030833333333338817,0.00033757715167547896,95.0,53.0,74.0
px_185,0.002553820425573903,0.00030833333333338817,0.00019021187017522745,95.0,162.0,128.5
px_520,0.0014548969515248186,0.00030833333333338817,0.0001626601774662113,95.0,253.0,174.0
px_216,0.0019277159622128118,0.000300000000000078,9.999999999998899e-05,99.0,196.0,147.5
px_661,0.000904119370188528,0.000300000000000078,0.00011303883305207534,99.0,312.0,205.5
px_151,0.0027672447302139374,0.00030000000000006687,0.00014529663145135634,101.0,151.0,126.0
px_439,0.001761257060435679,0.00030000000000006687,0.00014043582955294755,101.0,212.0,156.5
px_606,0.0015544582521370412,0.00030000000000006687,0.0001632993161855533,101.0,240.0,170.5
px_265,0.0032038754124837166,0.00030000000000005576,0.00013540064007728662,104.0,124.0,114.0
px_458,0.004368848984222999,0.0003000000000000447,0.0003032234233110098,105.0,64.0,84.5
px_177,0.001725568156772643,0.00029166666666673445,0.0001003466214899478,106.0,216.0,161.0
px_179,0.0028291439313182965,0.00029166666666672334,0.00022438186696394595,107.0,147.0,127.0
px_357,0.0022864889961616165,0.00028333333333341315,6.666666666665932e-05,108.0,175.0,141.5
px_240,0.004398942201476729,0.00028333333333340204,0.00010671873729055653,109.0,62.0,85.5
px_511,0.001963851655340967,0.00028333333333340204,0.00014529663145136778,109.0,193.0,151.0
px_633,0.000967037178715236,0.00028333333333340204,8.498365855989651e-05,109.0,307.0,208.0
px_515,0.006475653269665664,0.0002833333333333909,0.000204803428790759,112.0,13.0,62.5
px_320,0.0035568971377820157,0.0002833333333333909,0.00023629078131263886,112.0,107.0,109.5
px_548,0.0014647789501321812,0.0002833333333333909,0.00014529663145137036,112.0,252.0,182.0
px_204,0.001170546995041401,0.0002833333333333909,0.00019075871903767678,112.0,288.0,200.0
px_652,0.0015589043754263747,0.0002750000000000585,0.00013969212178535016,116.0,238.0,177.0
px_462,0.005626733237862768,0.00027500000000004745,0.00022684429314694799,117.0,28.0,72.5
px_183,0.004778212634998402,0.00027500000000004745,0.00014930394055977347,117.0,47.0,82.0
px_483,0.0024116779233956764,0.0002666666666667372,0.00010408329997331473,119.0,170.0,144.5
px_576,0.001560828899748897,0.0002666666666667372,0.0001384437310486474,119.0,237.0,178.0
px_321,0.0030733190857342254,0.0002666666666667261,0.00013844373104864873,121.0,133.0,127.0
px_431,0.004765937789258393,0.00026666666666671503,0.00021343747458111307,122.0,49.0,85.5
px_467,0.0016944501941197046,0.00026666666666671503,0.00020000000000001313,122.0,220.0,171.0
px_409,0.007456344030838341,0.0002666666666666928,0.0003287180487219453,124.0,4.0,64.0
px_628,0.0018449355710224652,0.0002583333333334048,0.00010172129679778875,125.0,203.0,164.0
px_348,0.0045982505346962915,0.0002583333333333937,0.00018427786989581068,126.0,55.0,90.5
px_411,0.0017047060003638134,0.0002583333333333937,0.00014166666666667847,126.0,219.0,172.5
px_271,0.00391357061778084,0.0002583333333333826,0.00024281337140557406,128.0,90.0,109.0
px_328,0.0021688819882391486,0.0002500000000000724,0.00012909944487358784,129.0,181.0,155.0
px_525,0.000990943700974932,0.0002500000000000724,9.12870929175379e-05,129.0,305.0,217.0
px_408,0.0038595857656117238,0.00025000000000006126,0.00017873008824608187,131.0,93.0,112.0
px_209,0.003398943171989873,0.00025000000000006126,0.0002204792759220627,131.0,116.0,123.5
px_463,0.003305741896586047,0.00025000000000006126,0.00016244657241349902,131.0,119.0,125.0
px_632,0.0012030852022749498,0.00025000000000006126,0.00011785113019777634,131.0,283.0,207.0
px_570,0.004435244575491863,0.0002500000000000502,0.0003248931448269724,135.0,60.0,97.5
px_325,0.003643701277951889,0.00024166666666672887,0.00023109041039771056,136.0,102.0,119.0
px_575,0.001662625585681215,0.00024166666666672887,0.00011456439237392215,136.0,225.0,180.5
px_660,0.0015687848011022934,0.00024166666666672887,0.00013667682889049014,136.0,236.0,186.0
px_428,0.004124729139490582,0.00024166666666671776,0.0002187400791401284,139.0,81.0,110.0
px_539,0.003136784820718315,0.00024166666666671776,0.00018800856954465848,139.0,129.0,134.0
px_491,0.0027675558821484356,0.00024166666666671776,0.00015115297622682702,139.0,150.0,144.5
px_551,0.0027492364634387747,0.00024166666666671776,0.00014648663192708407,139.0,152.0,145.5
px_404,0.004527710498460232,0.00024166666666670668,0.00020224435165853912,143.0,57.0,100.0
px_434,0.006318285067500573,0.00023333333333339646,0.00017795130420053656,144.0,15.0,79.5
px_624,0.002688292177287704,0.00023333333333338535,0.00019293061504651799,145.0,158.0,151.5
px_601,0.0014814914345837218,0.00023333333333338535,0.00021984843263790152,145.0,249.0,197.0
px_568,0.005345907979727893,0.00023333333333337426,0.00025766041389568004,147.0,36.0,91.5
px_464,0.002669081410926941,0.00022500000000005293,0.00021098314835288166,148.0,160.0,154.0
px_188,0.0015273391128911777,0.00022500000000004184,0.00019021187017524883,149.0,244.0,196.5
px_688,0.0006245345837020817,0.00021666666666675383,5.527707983925057e-05,150.0,341.0,245.5
px_125,0.001744462888090456,0.0002166666666667427,6.666666666668152e-05,151.0,214.0,182.5
px_189,0.0012816381724436551,0.0002166666666667427,0.00010671873729055827,151.0,276.0,213.5
px_435,0.003851597507307574,0.00021666666666673163,0.00015000000000001555,153.0,94.0,123.5
px_603,0.0013726528712763996,0.00021666666666673163,0.00011303883305210154,153.0,264.0,208.5
px_572,0.0028826637923499796,0.00021666666666672051,0.0002449489742783354,155.0,144.0,149.5
px_127,0.0018355796940212883,0.00021666666666672051,0.000124721912892494,155.0,205.0,180.0
px_544,0.003645317020511193,0.00021666666666670943,0.00029391986814247996,157.0,101.0,129.0
px_215,0.00219868250182896,0.00021666666666670943,0.00020138409955993054,157.0,179.0,168.0
px_358,0.001554868458532134,0.0002083333333334103,6.718548123583451e-05,159.0,239.0,199.0
px_149,0.0011576076032778283,0.0002083333333334103,6.718548123583451e-05,159.0,289.0,224.0
px_205,0.0017171404667143824,0.0002083333333333992,0.00011334558757281552,161.0,217.0,189.0
px_262,0.0031413745351446935,0.0002083333333333881,0.00019094065395650864,162.0,128.0,145.0
px_600,0.001538278955280052,0.0002083333333333881,0.00012500000000001955,162.0,243.0,202.5
px_604,0.0012659495887171936,0.0002083333333333881,0.00015920810978788273,162.0,279.0,220.5
px_296,0.003935163392482236,0.000208333333333377,0.00019094065395652076,165.0,89.0,127.0
px_455,0.003055581345323792,0.0002000000000000668,0.00014043582955295547,166.0,134.0,150.0
px_399,0.0020251378186546586,0.0002000000000000668,0.00011303883305210646,166.0,189.0,177.5
px_573,0.0021954998726628067,0.00020000000000005568,0.00011303883305211791,168.0,180.0,174.0
px_233,0.0019994465380802576,0.00020000000000005568,0.0001979057014506438,168.0,191.0,179.5
px_318,0.005742339725900886,0.0002000000000000446,0.00032317865716109765,170.0,21.0,95.5
px_543,0.00544752815425373,0.0002000000000000446,0.00036362373715453363,170.0,30.0,100.0
px_294,0.0031612924160612232,0.0002000000000000446,0.00022730302828311976,170.0,125.0,147.5
px_492,0.0019293227027177653,0.0002000000000000446,0.00018708286933872393,170.0,195.0,182.5
px_355,0.0022087484291338382,0.00019166666666674547,0.0001057381461704299,174.0,178.0,176.0
px_623,0.0014804573229017168,0.00019166666666673438,0.00011211353372563986,175.0,250.0,212.5
px_567,0.0034572883449065788,0.00019166666666672327,0.00012388390622768462,176.0,113.0,144.5
px_316,0.002220378537350016,0.00019166666666672327,0.0001538848776051861,176.0,177.0,176.5
px_126,0.0021627610066264832,0.00019166666666672327,0.00014457792977416744,176.0,182.0,179.0
px_301,0.0017788849526615784,0.00019166666666672327,0.00010573814617043515,176.0,211.0,193.5
px_465,0.004235222708851346,0.00019166666666671218,0.00023288647687472088,180.0,74.0,127.0
px_494,0.0019149973069905995,0.00019166666666671218,0.00017892425461322694,180.0,198.0,189.0
px_232,0.0012871892444910257,0.00019166666666671218,0.0001709857044057188,180.0,275.0,227.5
px_295,0.0038250824131144906,0.00019166666666670107,0.00022988523706892033,183.0,95.0,139.0
px_565,0.000665962566006231,0.00018333333333340197,8.975274678560023e-05,184.0,339.0,261.5
px_347,0.0053707582087112425,0.00018333333333339085,0.0002466441431158288,185.0,34.0,109.5
px_297,0.0038081754931748534,0.00018333333333337977,0.00020000000000002332,186.0,96.0,141.0
px_466,0.0028656050655541643,0.00018333333333337977,0.0002321398046197528,186.0,145.0,165.5
px_186,0.0018048652293703403,0.00018333333333337977,0.00011055415967854133,186.0,208.0,197.0
px_329,0.0024623709772036728,0.00017500000000006955,0.00010172129679780786,189.0,165.0,177.0
px_413,0.0015878397981507802,0.00017500000000006955,0.00013149778198385127,189.0,234.0,211.5
px_128,0.0013823455122566905,0.00017500000000005844,0.0001511529762268307,191.0,263.0,227.0
px_677,9.312892899484385e-05,0.00016666666666675933,0.0,192.0,462.0,327.0
px_123,0.0012802400284051118,0.00016666666666672602,6.454972243682616e-05,193.0,277.0,235.0
px_290,0.005699271462102653,0.00016666666666671494,0.00025000000000002055,194.0,23.0,108.5
px_657,0.005245795893996983,0.00016666666666671494,0.00025000000000001686,194.0,37.0,115.5
px_244,0.00230880867855267,0.00016666666666671494,0.00012909944487360218,194.0,174.0,184.0
px_384,0.0011976394451425046,0.00016666666666671494,9.12870929175683e-05,194.0,286.0,240.0
px_622,0.0008284339530347996,0.00016666666666671494,8.333333333336857e-05,194.0,319.0,256.5
px_710,0.0008630014342567965,0.00015833333333340472,4.48763733928197e-05,199.0,316.0,257.5
px_489,0.006555463080538508,0.0001583333333333936,0.0002056493779875721,200.0,12.0,106.0
px_487,0.005644902559949845,0.0001583333333333936,0.0002484675252646054,200.0,26.0,113.0
px_264,0.0031307324089499384,0.00015833333333338252,0.00019166666666669188,202.0,130.0,166.0
px_635,0.0006593440238738192,0.00015833333333338252,7.861650943383874e-05,202.0,340.0,271.0
px_412,0.0012557000241695548,0.0001583333333333714,8.700255424095953e-05,204.0,280.0,242.0
px_122,0.0005518107959695962,0.0001500000000000723,6.236095644626406e-05,205.0,352.0,278.5
px_217,0.001392850677879247,0.0001500000000000612,0.00012801909579783507,206.0,262.0,234.0
px_599,0.001681020597862107,0.000150000000000039,0.00016583123951780193,207.0,221.0,214.0
px_381,0.006706814172538223,0.00015000000000002788,0.0001855921454276958,208.0,11.0,109.5
px_356,0.0016614615971093742,0.00014166666666672877,6.508541396592568e-05,209.0,226.0,217.5
px_553,0.001021023816858724,0.00014166666666672877,9.166666666669795e-05,209.0,301.0,255.0
px_210,0.005857411730771443,0.0001416666666667177,0.00022988523706891757,211.0,19.0,115.0
px_519,0.0020014591273448097,0.0001416666666667177,0.0001445779297741796,211.0,190.0,200.5
px_289,0.002688621288950408,0.00014166666666670658,0.00024734703466095003,213.0,157.0,185.0
px_245,0.0016514500409758217,0.00014166666666669546,0.00011211353372564482,214.0,228.0,221.0
px_602,0.001496871003669766,0.00014166666666669546,0.00015833333333336382,214.0,248.0,231.0
px_315,0.0013049982944393728,0.00014166666666669546,0.00012388390622768687,214.0,273.0,243.5
px_595,0.003017972043380785,0.00013333333333338527,0.00015000000000002297,217.0,136.0,176.5
px_608,0.0010047244751629943,0.00013333333333338527,0.00013540064007729483,217.0,303.0,260.0
px_470,0.0008509526722843965,0.00013333333333338527,0.0001190238071424097,217.0,317.0,267.0
px_157,0.003494010235424317,0.00013333333333337416,0.00022422706745125332,220.0,111.0,165.5
px_441,0.001506928798684513,0.00013333333333337416,0.00017950549357117676,220.0,245.0,232.5
px_288,0.0015041752705173075,0.00013333333333337416,0.00011303883305212446,220.0,246.0,233.0
px_594,0.0009987554528311856,0.00013333333333337416,0.00014043582955296997,220.0,304.0,262.0
px_331,0.0007679455605776659,0.00013333333333337416,5.5277079839300786e-05,220.0,322.0,271.0
px_580,0.0011531417411491463,0.00013333333333336305,8.498365855992046e-05,225.0,291.0,258.0
px_314,0.0005524778917552533,0.00013333333333336305,6.666666666670928e-05,225.0,351.0,288.0
px_208,0.0024149451535314037,0.00012500000000005286,0.00020833333333335926,227.0,169.0,198.0
px_656,0.004694318414960448,0.00012500000000004174,0.0002148966159704863,228.0,52.0,140.0
px_376,0.004383346341136233,0.00012500000000004174,0.00025887040945017084,228.0,63.0,145.5
px_631,0.0016107032333326592,0.00012500000000004174,8.5391256383036e-05,228.0,232.0,230.0
px_495,0.0019650851730162967,0.00012500000000003063,0.00014068285846781497,231.0,192.0,211.5
px_133,0.00022271537283528436,0.00012500000000003063,5.5901699437538234e-05,231.0,407.0,319.0
px_287,0.0009249679608081929,0.00012500000000001955,9.316949906252567e-05,233.0,310.0,271.5
px_180,0.002436453056323781,0.00011666666666672043,0.00011902380714241126,234.0,168.0,201.0
px_159,0.0015770201583672396,0.00011666666666670933,0.00018333333333335857,235.0,235.0,235.0
px_605,0.0014465059152320308,0.00011666666666670933,9.279607271387333e-05,235.0,255.0,245.0
px_152,0.0032704924842668188,0.00011666666666669823,0.000154560308258289,237.0,121.0,179.0
px_261,0.0020270402324996544,0.00011666666666668713,0.00019075871903768163,238.0,188.0,213.0
px_681,0.0009077296237183054,0.00011666666666668713,5.5277079839297445e-05,238.0,311.0,274.5
px_634,0.0008732502918154761,0.00011666666666668713,0.0001190238071424128,238.0,314.0,276.0
px_593,0.0004894962694008176,0.00011666666666668713,7.637626158263496e-05,238.0,361.0,299.5
px_161,0.0007592562773951872,0.00010833333333337691,6.508541396593138e-05,242.0,323.0,282.5
px_427,0.003037640084746718,0.00010833333333336581,9.895285072534996e-05,243.0,135.0,189.0
px_627,0.002032823069801128,0.00010833333333336581,0.00011211353372564978,243.0,187.0,215.0
px_206,0.0019252670198331575,0.00010833333333336581,0.00022376202636831255,243.0,197.0,220.0
px_162,0.0005340231798233215,0.00010833333333336581,9.166666666670502e-05,243.0,354.0,298.5
px_132,0.0003545183270961736,0.0001083333333333436,5.335936864530948e-05,247.0,380.0,313.5
px_621,0.00023046056509331617,0.0001083333333333436,5.335936864530948e-05,247.0,403.0,325.0
px_571,0.0036510181666712565,0.0001000000000000556,0.00029059326290271713,249.0,100.0,174.5
px_493,0.0027225300703991834,0.0001000000000000445,0.00014337208778407315,250.0,155.0,202.5
px_538,0.001649979097359865,0.0001000000000000334,0.00010408329997334139,251.0,229.0,240.0
px_192,0.0003312280339663398,0.0001000000000000334,6.236095644627296e-05,251.0,385.0,318.0
px_569,0.0056964737721304755,9.166666666672318e-05,0.000228065536390092,253.0,24.0,138.5
px_263,0.004142339733186352,9.166666666672318e-05,0.0002699022456783804,253.0,79.0,166.0
px_372,0.003464500444279761,9.166666666671208e-05,0.0002250000000000225,255.0,112.0,183.5
px_353,0.0033980716033912292,9.166666666671208e-05,0.00019166666666669142,255.0,117.0,186.0
px_566,0.0015417528920506878,9.166666666671208e-05,0.00016435902436099658,255.0,242.0,248.5
px_238,0.005171674510517953,9.166666666670098e-05,0.00022189211592825472,258.0,38.0,148.0
px_579,0.0017807521732158737,9.166666666670098e-05,0.00013149778198386113,258.0,210.0,234.0
px_219,0.0012499225426128087,9.166666666670098e-05,0.00012610621625354016,258.0,281.0,269.5
px_712,0.001103364226387666,9.166666666670098e-05,8.700255424096059e-05,258.0,293.0,275.5
px_650,0.0003684475886867367,9.166666666667877e-05,4.48763733928197e-05,262.0,377.0,319.5
px_163,0.00031892185619036476,9.166666666667877e-05,4.48763733928197e-05,262.0,387.0,324.5
px_653,0.0021333827973637398,8.333333333339077e-05,0.00019002923751655076,264.0,183.0,223.5
px_407,0.004808236442580958,8.333333333336857e-05,0.00024152294576984334,265.0,46.0,155.5
px_468,0.0017592178027628312,8.333333333336857e-05,0.00021081851067791701,265.0,213.0,239.0
px_218,0.0013979108345092723,8.333333333336857e-05,0.00013944333775571034,265.0,261.0,263.0
px_130,0.0008048855664394906,8.333333333336857e-05,0.00011180339887502681,265.0,320.0,292.5
px_302,0.0010155627879504176,8.333333333334635e-05,5.270462766950229e-05,269.0,302.0,285.5
px_148,0.0005964075229260473,8.333333333334635e-05,6.454972243681184e-05,269.0,345.0,307.0
px_592,0.00014902575881400886,8.333333333333526e-05,3.7267799625017216e-05,271.0,431.0,351.0
px_707,0.0002505837307079286,8.333333333332416e-05,0.0,272.0,398.0,335.0
px_620,0.00011363634695922888,8.333333333332416e-05,0.0,272.0,447.0,359.5
px_135,7.293601758116932e-05,8.333333333332416e-05,0.0,272.0,470.0,371.0
px_648,5.552916159261616e-05,8.333333333332416e-05,0.0,272.0,487.0,379.5
px_676,3.401425921368734e-05,8.333333333332416e-05,0.0,272.0,502.0,387.0
px_683,0.0013293171169167545,7.500000000003615e-05,0.00015115297622683742,277.0,270.0,273.5
px_521,0.002720605029403041,7.500000000002505e-05,9.464847243003616e-05,278.0,156.0,217.0
px_175,0.0005325976399356245,7.500000000002505e-05,6.922186552435376e-05,278.0,355.0,316.5
px_636,0.00046591101153959394,7.500000000002505e-05,6.922186552435376e-05,278.0,363.0,320.5
px_234,0.002771439336845751,7.500000000001394e-05,0.00013149778198385127,281.0,149.0,215.0
px_713,0.0009379865708775693,7.500000000001394e-05,5.83333333333618e-05,281.0,309.0,295.0
px_662,0.0006700034675255187,7.500000000001394e-05,7.861650943383403e-05,281.0,337.0,309.0
px_258,0.0004966991824067422,7.500000000001394e-05,5.83333333333618e-05,281.0,360.0,320.5
px_709,0.0007023424374204295,7.500000000000284e-05,5.833333333334436e-05,285.0,332.0,308.5
px_714,0.0005278357418939649,7.500000000000284e-05,5.833333333334436e-05,285.0,357.0,321.0
px_740,0.0003252775531046171,7.500000000000284e-05,4.4876373392805264e-05,285.0,386.0,335.5
px_303,0.0005138872655244524,7.499999999999174e-05,2.4999999999997247e-05,288.0,359.0,323.5
px_304,0.00021574381897317854,7.499999999999174e-05,2.4999999999997247e-05,288.0,410.0,349.0
px_153,0.0043402839935112675,6.666666666670374e-05,0.00018929694486003617,290.0,67.0,178.5
px_237,0.0035274542981994584,6.666666666669264e-05,0.00018559214542768985,291.0,108.0,199.5
px_187,0.0018260382931284968,6.666666666669264e-05,0.00018559214542768486,291.0,207.0,249.0
px_124,0.0013384169523883364,6.666666666669264e-05,7.264831572571573e-05,291.0,269.0,280.0
px_482,0.001435175397349383,6.666666666668152e-05,8.975274678560023e-05,294.0,259.0,276.5
px_739,0.0003026134570358954,6.666666666665932e-05,3.333333333332966e-05,295.0,391.0,343.0
px_155,0.006080699462297424,5.833333333337132e-05,0.00015833333333335796,296.0,16.0,156.0
px_266,0.004005433342099647,5.8333333333360214e-05,0.0002473470346609478,297.0,87.0,192.0
px_99,0.0018896680723410498,5.8333333333360214e-05,9.166666666669593e-05,297.0,200.0,248.5
px_682,0.001199398256394301,5.8333333333360214e-05,0.0001346291201783883,297.0,285.0,291.0
px_687,0.0007791784082715927,5.8333333333360214e-05,9.895285072535088e-05,297.0,321.0,309.0
px_231,0.0006941263768569511,5.8333333333349115e-05,7.50000000000238e-05,301.0,333.0,317.0
px_398,0.001307801562911764,5.833333333333801e-05,5.33593686452904e-05,302.0,272.0,287.0
px_526,0.0006011489370546662,5.833333333333801e-05,5.33593686452904e-05,302.0,344.0,323.0
px_293,0.0029563649660006106,5.0000000000050004e-05,0.0002179449471770606,304.0,139.0,221.5
px_518,0.002887843006525301,5.00000000000278e-05,0.00014529663145138565,305.0,142.0,223.5
px_260,0.001344779591944929,5.00000000000278e-05,0.00010000000000002784,305.0,267.0,286.0
px_101,0.0024007389228545297,5.00000000000167e-05,7.637626158262283e-05,307.0,171.0,239.0
px_274,0.0011209377793319182,5.00000000000167e-05,0.00011303883305210645,307.0,292.0,299.5
px_481,0.0005542061418012702,5.00000000000167e-05,7.637626158262283e-05,307.0,350.0,328.5
px_663,0.000402310506956516,5.00000000000167e-05,6.666666666669819e-05,307.0,374.0,340.5
px_160,0.0010676494639010874,5.000000000000559e-05,8.498365855989653e-05,311.0,298.0,304.5
px_342,0.0008465356231635986,5.000000000000559e-05,5.5277079839274006e-05,311.0,318.0,314.5
px_400,0.0035217972495155017,4.166666666669538e-05,0.00017969882210708401,313.0,109.0,211.0
px_426,0.0013001473249073144,4.166666666667318e-05,7.682953714411699e-05,314.0,274.0,294.0
px_220,0.0007060373297107051,4.166666666667318e-05,5.5901699437513406e-05,314.0,330.0,322.0
px_498,0.0006040391077428657,4.166666666666208e-05,5.5901699437488585e-05,316.0,343.0,329.5
px_454,0.0016701432667127483,3.333333333335187e-05,0.00010000000000002784,317.0,224.0,270.5
px_651,0.0007171342737902602,3.333333333335187e-05,9.279607271385539e-05,317.0,327.0,322.0
px_129,0.0010503236035350862,3.333333333334076e-05,7.63762615826083e-05,319.0,299.0,309.0
px_582,0.0006935661593309064,3.333333333334076e-05,6.666666666668152e-05,319.0,334.0,326.5
px_96,0.0006688020371777221,3.333333333334076e-05,5.527707983927735e-05,319.0,338.0,328.5
px_537,0.0006230517178915511,3.333333333334076e-05,6.666666666668152e-05,319.0,342.0,330.5
px_509,0.0005626216322223447,3.333333333334076e-05,7.63762615826083e-05,319.0,349.0,334.0
px_715,0.00045001694010516756,3.333333333332966e-05,5.5277079839250573e-05,324.0,368.0,346.0
px_583,0.00031251491157149706,3.333333333332966e-05,4.0824829046381805e-05,324.0,388.0,356.0
px_323,0.004621923602420891,2.5000000000041655e-05,0.0002109831483528935,326.0,54.0,190.0
px_629,0.0018286387880395898,2.5000000000041655e-05,0.00012936812246886793,326.0,206.0,266.0
px_178,0.001956011847769194,2.5000000000019452e-05,0.00014457792977416424,328.0,194.0,261.0
px_248,0.0007285667144139546,2.500000000000835e-05,5.335936864529734e-05,329.0,325.0,327.0
px_286,0.0005307251437394916,2.500000000000835e-05,7.50000000000127e-05,329.0,356.0,342.5
px_276,0.00041117211944232047,2.500000000000835e-05,6.508541396590578e-05,329.0,373.0,351.0
px_609,0.0005652939889115036,2.4999999999997247e-05,5.335936864526786e-05,332.0,348.0,340.0
px_471,0.0004294974429620849,2.4999999999997247e-05,6.508541396588162e-05,332.0,371.0,351.5
px_341,0.00029255533235451485,2.4999999999997247e-05,3.8188130791294456e-05,332.0,392.0,362.0
px_637,0.0002891005913408374,2.4999999999997247e-05,3.8188130791294456e-05,332.0,393.0,362.5
px_564,0.0002184261523988103,2.4999999999997247e-05,3.8188130791294456e-05,332.0,409.0,370.5
px_134,0.00012744205950914624,2.4999999999997247e-05,3.8188130791294456e-05,332.0,441.0,386.5
px_275,0.0007026789371906856,1.6666666666675934e-05,8.164965809278402e-05,338.0,331.0,334.5
px_359,0.0007345308725724599,1.666666666666483e-05,3.333333333332966e-05,339.0,324.0,331.5
px_397,0.0004587263870631441,1.666666666666483e-05,3.333333333332966e-05,339.0,365.0,352.0
px_369,0.00038973265125752426,1.666666666666483e-05,3.333333333332966e-05,339.0,376.0,357.5
px_610,0.00030809633431193935,1.666666666666483e-05,3.333333333332966e-05,339.0,389.0,364.0
px_741,0.00020428455196748715,1.666666666666483e-05,4.999999999999449e-05,339.0,412.0,375.5
px_508,0.00018682993346534973,1.666666666666483e-05,3.333333333332966e-05,339.0,416.0,377.5
px_221,0.00016957199327359438,1.666666666666483e-05,3.333333333332966e-05,339.0,423.0,381.0
px_480,0.00013993061770722597,1.666666666666483e-05,3.333333333332966e-05,339.0,437.0,388.0
px_106,7.161012498460291e-05,1.666666666666483e-05,3.333333333332966e-05,339.0,472.0,405.5
px_343,0.0015038438849310641,8.333333333365723e-06,0.00012047360245670518,348.0,247.0,297.5
px_490,0.004713946812648171,8.33333333335462e-06,0.00018800856954465404,349.0,51.0,200.0
px_330,0.0013444472411708126,8.333333333332416e-06,6.922186552430966e-05,350.0,268.0,309.0
px_259,0.0009477817611503486,8.333333333332416e-06,6.922186552430966e-05,350.0,308.0,329.0
px_415,0.0007119681500137188,8.333333333332416e-06,6.922186552430966e-05,350.0,329.0,339.5
px_94,0.00030642211579469294,8.333333333332416e-06,2.4999999999997247e-05,350.0,390.0,370.0
px_70,0.00023020947953071176,8.333333333332416e-06,2.4999999999997247e-05,350.0,404.0,377.0
px_249,0.0001814629314238461,8.333333333332416e-06,2.4999999999997247e-05,350.0,417.0,383.5
px_73,0.00015781923168488722,8.333333333332416e-06,2.4999999999997247e-05,350.0,426.0,388.0
px_649,0.00014302656502035666,8.333333333332416e-06,2.4999999999997247e-05,350.0,435.0,392.5
px_388,0.0001426882378261669,8.333333333332416e-06,2.4999999999997247e-05,350.0,436.0,393.0
px_737,0.00011708420360615507,8.333333333332416e-06,2.4999999999997247e-05,350.0,445.0,397.5
px_164,0.00010971809553235512,8.333333333332416e-06,2.4999999999997247e-05,350.0,453.0,401.5
px_368,9.113297792127108e-05,8.333333333332416e-06,2.4999999999997247e-05,350.0,463.0,406.5
px_305,8.508594154412323e-05,8.333333333332416e-06,2.4999999999997247e-05,350.0,466.0,408.0
px_736,7.1254882215651e-05,8.333333333332416e-06,2.4999999999997247e-05,350.0,473.0,411.5
px_193,6.86340187085701e-05,8.333333333332416e-06,2.4999999999997247e-05,350.0,475.0,412.5
px_74,6.202898007473347e-05,8.333333333332416e-06,2.4999999999997247e-05,350.0,481.0,415.5
px_563,5.642379529717559e-05,8.333333333332416e-06,2.4999999999997247e-05,350.0,485.0,417.5
px_479,3.925932948263275e-05,8.333333333332416e-06,2.4999999999997247e-05,350.0,497.0,423.5
px_283,3.26012268916835e-05,8.333333333332416e-06,2.4999999999997247e-05,350.0,504.0,427.0
px_311,2.5501700620185967e-05,8.333333333332416e-06,2.4999999999997247e-05,350.0,517.0,433.5
px_272,0.0027889678339291955,2.2204460492503132e-17,0.00013437096247165525,370.0,148.0,259.0
px_436,0.0035999816208698208,1.1102230246251566e-17,0.00011180339887500198,371.0,105.0,238.0
px_190,0.001273057306044873,1.1102230246251566e-17,8.333333333334635e-05,371.0,278.0,324.5
px_176,0.001042293119454788,1.1102230246251566e-17,0.00014433756729740336,371.0,300.0,335.5
px_497,0.0008767848037542407,0.0,6.454972243678317e-05,374.0,313.0,343.5
px_97,0.000867376380204671,0.0,3.726779962499239e-05,374.0,315.0,344.5
px_453,0.0005163591978805249,0.0,3.726779962499239e-05,374.0,358.0,366.0
px_708,0.0004533377454870288,0.0,3.726779962499239e-05,374.0,367.0,370.5
px_555,0.0004365113960553102,0.0,0.0,374.0,369.0,371.5
px_499,0.0003518371985218626,0.0,5.2704627669467185e-05,374.0,381.0,377.5
px_121,0.00033413956472121424,0.0,0.0,374.0,383.0,378.5
px_690,0.0003331338200804556,0.0,0.0,374.0,384.0,379.0
px_691,0.0002589946522814079,0.0,0.0,374.0,395.0,384.5
px_285,0.00025218672916374783,0.0,0.0,374.0,397.0,385.5
px_536,0.00024855847811457057,0.0,0.0,374.0,399.0,386.5
px_528,0.00023398884770434197,0.0,3.726779962499239e-05,374.0,401.0,387.5
px_174,0.0002314368048685081,0.0,0.0,374.0,402.0,388.0
px_742,0.0002266946189928653,0.0,5.2704627669467185e-05,374.0,406.0,390.0
px_678,0.0002197337493021595,0.0,0.0,374.0,408.0,391.0
px_229,0.0001895210829541748,0.0,0.0,374.0,415.0,394.5
px_719,0.00018126684972300268,0.0,0.0,374.0,418.0,396.0
px_611,0.00017488247659939353,0.0,0.0,374.0,420.0,397.0
px_68,0.00016884470584114917,0.0,0.0,374.0,424.0,399.0
px_638,0.00015751319638352828,0.0,0.0,374.0,427.0,400.5
px_692,0.0001561650599905013,0.0,0.0,374.0,428.0,401.0
px_120,0.0001523271411180972,0.0,0.0,374.0,429.0,401.5
px_472,0.0001514631523633482,0.0,0.0,374.0,430.0,402.0
px_665,0.0001398804719677209,0.0,0.0,374.0,438.0,406.0
px_332,0.0001292374982799475,0.0,0.0,374.0,439.0,406.5
px_69,0.00012865246844026752,0.0,0.0,374.0,440.0,407.0
px_93,0.00012224758724757874,0.0,0.0,374.0,442.0,408.0
px_277,0.00011898779595195454,0.0,0.0,374.0,444.0,409.0
px_67,0.00011291890087702728,0.0,0.0,374.0,448.0,411.0
px_584,0.00011203583871458054,0.0,0.0,374.0,449.0,411.5
px_706,0.00011189260868315862,0.0,0.0,374.0,450.0,412.0
px_71,0.00011091830772246648,0.0,0.0,374.0,451.0,412.5
px_284,0.00011085509275986805,0.0,3.726779962499239e-05,374.0,452.0,413.0
px_256,0.00010404988639723562,0.0,0.0,374.0,455.0,414.5
px_720,0.0001029603702235062,0.0,0.0,374.0,456.0,415.0
px_452,9.968078820710083e-05,0.0,0.0,374.0,458.0,416.0
px_424,9.695545458843033e-05,0.0,0.0,374.0,459.0,416.5
px_173,9.420149539106652e-05,0.0,0.0,374.0,461.0,417.5
px_396,8.751478491440108e-05,0.0,0.0,374.0,465.0,419.5
px_693,8.271191192744824e-05,0.0,0.0,374.0,467.0,420.5
px_666,7.94924320403385e-05,0.0,0.0,374.0,468.0,421.0
px_119,7.529392063594541e-05,0.0,0.0,374.0,469.0,421.5
px_639,7.22328606780271e-05,0.0,0.0,374.0,471.0,422.5
px_228,7.102552294779075e-05,0.0,0.0,374.0,474.0,424.0
px_501,6.633992674403907e-05,0.0,0.0,374.0,476.0,425.0
px_535,6.633158940376332e-05,0.0,0.0,374.0,477.0,425.5
px_746,6.538820703829077e-05,0.0,0.0,374.0,478.0,426.0
px_92,6.408786867717466e-05,0.0,0.0,374.0,479.0,426.5
px_507,6.285377253236008e-05,0.0,0.0,374.0,480.0,427.0
px_612,6.027041732569355e-05,0.0,0.0,374.0,482.0,428.0
px_473,5.964055779952323e-05,0.0,0.0,374.0,483.0,428.5
px_200,5.9624724011106124e-05,0.0,0.0,374.0,484.0,429.0
px_66,5.5707939815930896e-05,0.0,0.0,374.0,486.0,430.0
px_75,5.4142242224416636e-05,0.0,0.0,374.0,488.0,431.0
px_721,5.0496281232123885e-05,0.0,0.0,374.0,490.0,432.0
px_445,5.033320638990207e-05,0.0,0.0,374.0,491.0,432.5
px_705,4.953283453502837e-05,0.0,0.0,374.0,493.0,433.5
px_591,4.522813634845986e-05,0.0,0.0,374.0,494.0,434.0
px_694,4.265558256030082e-05,0.0,0.0,374.0,495.0,434.5
px_747,4.246149703626575e-05,0.0,0.0,374.0,496.0,435.0
px_557,3.8628363918918855e-05,0.0,0.0,374.0,498.0,436.0
px_667,3.618590568348232e-05,0.0,0.0,374.0,499.0,436.5
px_417,3.474347663568107e-05,0.0,0.0,374.0,500.0,437.0
px_118,3.43709758921538e-05,0.0,0.0,374.0,501.0,437.5
px_136,3.354903826358064e-05,0.0,0.0,374.0,503.0,438.5
px_451,3.1805566043635884e-05,0.0,0.0,374.0,505.0,439.5
px_735,3.176382051613477e-05,0.0,0.0,374.0,506.0,440.0
px_333,3.1201922664419986e-05,0.0,0.0,374.0,507.0,440.5
px_165,3.0593446727740984e-05,0.0,0.0,374.0,508.0,441.0
px_172,3.040298856984711e-05,0.0,0.0,374.0,509.0,441.5
px_619,2.9868413841763002e-05,0.0,0.0,374.0,510.0,442.0
px_91,2.9366135477433657e-05,0.0,0.0,374.0,511.0,442.5
px_76,2.873870388448161e-05,0.0,0.0,374.0,512.0,443.0
px_389,2.840965659490025e-05,0.0,0.0,374.0,513.0,443.5
px_65,2.7658218347249994e-05,0.0,0.0,374.0,514.0,444.0
px_748,2.614190030905569e-05,0.0,0.0,374.0,515.0,444.5
px_640,2.559735934342762e-05,0.0,0.0,374.0,516.0,445.0
px_695,2.4632235222859305e-05,0.0,0.0,374.0,518.0,446.0
px_107,2.426465240957656e-05,0.0,0.0,374.0,519.0,446.5
px_255,2.350953449697317e-05,0.0,0.0,374.0,520.0,447.0
px_585,2.2086415411317316e-05,0.0,0.0,374.0,521.0,447.5
px_339,2.098163779368146e-05,0.0,0.0,374.0,522.0,448.0
px_227,2.097357454186977e-05,0.0,0.0,374.0,523.0,448.5
px_64,2.0143700242816606e-05,0.0,0.0,374.0,524.0,449.0
px_77,1.88197584634733e-05,0.0,0.0,374.0,525.0,449.5
px_222,1.8335746124217233e-05,0.0,0.0,374.0,526.0,450.0
px_367,1.7869529967533635e-05,0.0,0.0,374.0,527.0,450.5
px_278,1.7605005413004448e-05,0.0,0.0,374.0,528.0,451.0
px_361,1.7298146567348362e-05,0.0,0.0,374.0,529.0,451.5
px_423,1.6947015198254058e-05,0.0,0.0,374.0,530.0,452.0
px_722,1.6893418765530715e-05,0.0,0.0,374.0,531.0,452.5
px_306,1.6648497671616354e-05,0.0,0.0,374.0,532.0,453.0
px_474,1.643491838492623e-05,0.0,0.0,374.0,533.0,453.5
px_446,1.5707230163728914e-05,0.0,0.0,374.0,534.0,454.0
px_90,1.4678041863829774e-05,0.0,0.0,374.0,535.0,454.5
px_250,1.444372497326297e-05,0.0,0.0,374.0,536.0,455.0
px_647,1.4228469318478479e-05,0.0,0.0,374.0,537.0,455.5
px_734,1.3672439569990218e-05,0.0,0.0,374.0,538.0,456.0
px_668,1.3530826070090267e-05,0.0,0.0,374.0,539.0,456.5
px_144,1.34292529550672e-05,0.0,0.0,374.0,540.0,457.0
px_418,1.2918526716371987e-05,0.0,0.0,374.0,541.0,457.5
px_395,1.28615546861585e-05,0.0,0.0,374.0,542.0,458.0
px_117,1.2704210086193546e-05,0.0,0.0,374.0,543.0,458.5
px_502,1.2487396183809445e-05,0.0,0.0,374.0,544.0,459.0
px_194,1.2159411975184071e-05,0.0,0.0,374.0,545.0,459.5
px_704,1.1932863142822712e-05,0.0,0.0,374.0,546.0,460.0
px_199,1.1856926802116118e-05,0.0,0.0,374.0,547.0,460.5
px_137,1.129827479981218e-05,0.0,0.0,374.0,548.0,461.0
px_78,1.1297938830810943e-05,0.0,0.0,374.0,549.0,461.5
px_171,1.0779248321872647e-05,0.0,0.0,374.0,550.0,462.0
px_613,1.067585684227814e-05,0.0,0.0,374.0,551.0,462.5
px_63,1.030525781032225e-05,0.0,0.0,374.0,552.0,463.0
px_675,9.165594914942036e-06,0.0,0.0,374.0,553.0,463.5
px_390,9.016670574710473e-06,0.0,0.0,374.0,554.0,464.0
px_749,8.755720339769397e-06,0.0,0.0,374.0,555.0,464.5
px_562,8.131482049360678e-06,0.0,0.0,374.0,556.0,465.0
px_334,7.772496452687248e-06,0.0,0.0,374.0,557.0,465.5
px_590,7.522898316255907e-06,0.0,0.0,374.0,558.0,466.0
px_282,7.388061175703776e-06,0.0,0.0,374.0,559.0,466.5
px_108,7.372303730406088e-06,0.0,0.0,374.0,560.0,467.0
px_641,7.354084920836284e-06,0.0,0.0,374.0,561.0,467.5
px_733,7.330374120363715e-06,0.0,0.0,374.0,562.0,468.0
px_723,6.819436424838316e-06,0.0,0.0,374.0,563.0,468.5
px_534,6.524034887487754e-06,0.0,0.0,374.0,564.0,469.0
px_696,6.22785424688006e-06,0.0,0.0,374.0,565.0,469.5
px_362,6.066483365853947e-06,0.0,0.0,374.0,566.0,470.0
px_530,5.835741882725255e-06,0.0,0.0,374.0,567.0,470.5
px_771,5.610682302670777e-06,0.0,0.0,374.0,568.0,471.0
px_109,5.3955772195553725e-06,0.0,0.0,374.0,569.0,471.5
px_773,5.291796245562636e-06,0.0,0.0,374.0,570.0,472.0
px_254,5.291323262478991e-06,0.0,0.0,374.0,571.0,472.5
px_770,5.162105694281625e-06,0.0,0.0,374.0,572.0,473.0
px_732,4.899823788993611e-06,0.0,0.0,374.0,573.0,473.5
px_166,4.8148436046551565e-06,0.0,0.0,374.0,574.0,474.0
px_506,4.800528519810279e-06,0.0,0.0,374.0,575.0,474.5
px_478,4.770152926067779e-06,0.0,0.0,374.0,576.0,475.0
px_558,4.5558511255403184e-06,0.0,0.0,374.0,577.0,475.5
px_42,4.526394374494831e-06,0.0,0.0,374.0,578.0,476.0
px_767,4.523002604713712e-06,0.0,0.0,374.0,579.0,476.5
px_310,4.443134314787776e-06,0.0,0.0,374.0,580.0,477.0
px_43,4.228247774699621e-06,0.0,0.0,374.0,581.0,477.5
px_669,4.010732595147516e-06,0.0,0.0,374.0,582.0,478.0
px_774,3.810176722878436e-06,0.0,0.0,374.0,583.0,478.5
px_62,3.75567870080416e-06,0.0,0.0,374.0,584.0,479.0
px_475,3.6819564760877418e-06,0.0,0.0,374.0,585.0,479.5
px_116,3.6632298923314287e-06,0.0,0.0,374.0,586.0,480.0
px_586,3.565549686286682e-06,0.0,0.0,374.0,587.0,480.5
px_422,3.539861516821931e-06,0.0,0.0,374.0,588.0,481.0
px_614,3.527243145213629e-06,0.0,0.0,374.0,589.0,481.5
px_223,3.4871879956243103e-06,0.0,0.0,374.0,590.0,482.0
px_198,3.3767239685626975e-06,0.0,0.0,374.0,591.0,482.5
px_226,3.3535314862132997e-06,0.0,0.0,374.0,592.0,483.0
px_44,3.2352481217509747e-06,0.0,0.0,374.0,593.0,483.5
px_503,3.234985655075701e-06,0.0,0.0,374.0,594.0,484.0
px_618,3.173433947508907e-06,0.0,0.0,374.0,595.0,484.5
px_45,3.1160867957653584e-06,0.0,0.0,374.0,596.0,485.0
px_772,3.107791538262896e-06,0.0,0.0,374.0,597.0,485.5
px_338,3.0459917002688e-06,0.0,0.0,374.0,598.0,486.0
px_143,3.031788116572737e-06,0.0,0.0,374.0,599.0,486.5
px_79,2.9842997564639148e-06,0.0,0.0,374.0,600.0,487.0
px_38,2.9547987182779893e-06,0.0,0.0,374.0,601.0,487.5
px_307,2.95134761045669e-06,0.0,0.0,374.0,602.0,488.0
px_703,2.920167942472348e-06,0.0,0.0,374.0,603.0,488.5
px_750,2.8687429505195276e-06,0.0,0.0,374.0,604.0,489.0
px_450,2.6985758488610826e-06,0.0,0.0,374.0,605.0,489.5
px_697,2.649865286995504e-06,0.0,0.0,374.0,606.0,490.0
px_768,2.6409244893394876e-06,0.0,0.0,374.0,607.0,490.5
px_769,2.5834367270642958e-06,0.0,0.0,374.0,608.0,491.0
px_724,2.5832906206638013e-06,0.0,0.0,374.0,609.0,491.5
px_251,2.550956666739305e-06,0.0,0.0,374.0,610.0,492.0
px_39,2.287197129842808e-06,0.0,0.0,374.0,611.0,492.5
px_766,2.281055494787836e-06,0.0,0.0,374.0,612.0,493.0
px_34,2.069655625865554e-06,0.0,0.0,374.0,613.0,493.5
px_170,2.033525453024262e-06,0.0,0.0,374.0,614.0,494.0
px_35,2.0105160669623176e-06,0.0,0.0,374.0,615.0,494.5
px_115,1.97476171285437e-06,0.0,0.0,374.0,616.0,495.0
px_89,1.9371340759561495e-06,0.0,0.0,374.0,617.0,495.5
px_279,1.8627456858613622e-06,0.0,0.0,374.0,618.0,496.0
px_751,1.8439890830043065e-06,0.0,0.0,374.0,619.0,496.5
px_48,1.7856244680572026e-06,0.0,0.0,374.0,620.0,497.0
px_40,1.7650783333014672e-06,0.0,0.0,374.0,621.0,497.5
px_41,1.7624383039506238e-06,0.0,0.0,374.0,622.0,498.0
px_394,1.645161684662856e-06,0.0,0.0,374.0,623.0,498.5
px_775,1.2764431638664166e-06,0.0,0.0,374.0,624.0,499.0
px_195,1.25619084608834e-06,0.0,0.0,374.0,625.0,499.5
px_309,1.2358180821904029e-06,0.0,0.0,374.0,626.0,500.0
px_87,1.1925187772164945e-06,0.0,0.0,374.0,627.0,500.5
px_642,1.186226719476774e-06,0.0,0.0,374.0,628.0,501.0
px_47,1.1822625609312433e-06,0.0,0.0,374.0,629.0,501.5
px_447,1.1514880805935902e-06,0.0,0.0,374.0,630.0,502.0
px_366,1.1512701651860332e-06,0.0,0.0,374.0,631.0,502.5
px_49,1.1371338243199097e-06,0.0,0.0,374.0,632.0,503.0
px_765,1.083789532096034e-06,0.0,0.0,374.0,633.0,503.5
px_138,1.0802379678012663e-06,0.0,0.0,374.0,634.0,504.0
px_763,1.064663911707927e-06,0.0,0.0,374.0,635.0,504.5
px_533,1.0263810465317106e-06,0.0,0.0,374.0,636.0,505.0
px_646,1.0047138920836327e-06,0.0,0.0,374.0,637.0,505.5
px_777,9.699501936544548e-07,0.0,0.0,374.0,638.0,506.0
px_88,9.644157486969042e-07,0.0,0.0,374.0,639.0,506.5
px_281,9.579250246537063e-07,0.0,0.0,374.0,640.0,507.0
px_224,9.57853391532749e-07,0.0,0.0,374.0,641.0,507.5
px_670,9.4665748181059e-07,0.0,0.0,374.0,642.0,508.0
px_36,9.206407399689534e-07,0.0,0.0,374.0,643.0,508.5
px_726,9.175067512830536e-07,0.0,0.0,374.0,644.0,509.0
px_197,8.722981295670658e-07,0.0,0.0,374.0,645.0,509.5
px_752,8.532548444050584e-07,0.0,0.0,374.0,646.0,510.0
px_764,8.4413698406582e-07,0.0,0.0,374.0,647.0,510.5
px_37,8.364570478951291e-07,0.0,0.0,374.0,648.0,511.0
px_46,7.581222253617378e-07,0.0,0.0,374.0,649.0,511.5
px_531,7.512070231838473e-07,0.0,0.0,374.0,650.0,512.0
px_561,7.49039060958989e-07,0.0,0.0,374.0,651.0,512.5
px_674,7.389809947833831e-07,0.0,0.0,374.0,652.0,513.0
px_139,7.377365267096979e-07,0.0,0.0,374.0,653.0,513.5
px_253,6.927812459827192e-07,0.0,0.0,374.0,654.0,514.0
px_421,6.554546506531684e-07,0.0,0.0,374.0,655.0,514.5
px_391,6.466190376919768e-07,0.0,0.0,374.0,656.0,515.0
px_702,6.044618544661836e-07,0.0,0.0,374.0,657.0,515.5
px_559,5.350331827901762e-07,0.0,0.0,374.0,658.0,516.0
px_778,5.275505018817544e-07,0.0,0.0,374.0,659.0,516.5
px_776,4.841780857038578e-07,0.0,0.0,374.0,660.0,517.0
px_225,4.694666664438294e-07,0.0,0.0,374.0,661.0,517.5
px_167,4.5936248009494133e-07,0.0,0.0,374.0,662.0,518.0
px_80,4.2708742698410604e-07,0.0,0.0,374.0,663.0,518.5
px_363,4.18005376709392e-07,0.0,0.0,374.0,664.0,519.0
px_698,4.109396571971847e-07,0.0,0.0,374.0,665.0,519.5
px_762,3.9690477597396324e-07,0.0,0.0,374.0,666.0,520.0
px_335,3.9338093209052404e-07,0.0,0.0,374.0,667.0,520.5
px_61,3.9194522433547915e-07,0.0,0.0,374.0,668.0,521.0
px_110,3.608538329156191e-07,0.0,0.0,374.0,669.0,521.5
px_449,3.3726564530316837e-07,0.0,0.0,374.0,670.0,522.0
px_50,3.3497692519281187e-07,0.0,0.0,374.0,671.0,522.5
px_114,3.277635107387668e-07,0.0,0.0,374.0,672.0,523.0
px_365,3.039582030645269e-07,0.0,0.0,374.0,673.0,523.5
px_86,2.804958143091162e-07,0.0,0.0,374.0,674.0,524.0
px_13,2.2837411950193522e-07,0.0,0.0,374.0,675.0,524.5
px_142,2.2566457094125473e-07,0.0,0.0,374.0,676.0,525.0
px_617,2.2322799405786958e-07,0.0,0.0,374.0,677.0,525.5
px_725,2.2195274155696597e-07,0.0,0.0,374.0,678.0,526.0
px_419,2.2135499798780427e-07,0.0,0.0,374.0,679.0,526.5
px_51,2.181305058085973e-07,0.0,0.0,374.0,680.0,527.0
px_14,2.106092670460695e-07,0.0,0.0,374.0,681.0,527.5
px_731,2.0264771397166825e-07,0.0,0.0,374.0,682.0,528.0
px_33,1.8644868003603906e-07,0.0,0.0,374.0,683.0,528.5
px_615,1.1288538179286257e-07,0.0,0.0,374.0,684.0,529.0
px_12,1.1245842019427848e-07,0.0,0.0,374.0,685.0,529.5
px_589,1.1179841795058406e-07,0.0,0.0,374.0,686.0,530.0
px_81,1.0874073065418078e-07,0.0,0.0,374.0,687.0,530.5
px_280,8.683947110968173e-08,0.0,0.0,374.0,688.0,531.0
px_477,7.718952410139118e-08,0.0,0.0,374.0,689.0,531.5
px_0,0.0,0.0,0.0,374.0,690.0,532.0
px_1,0.0,0.0,0.0,374.0,690.0,532.0
px_2,0.0,0.0,0.0,374.0,690.0,532.0
px_3,0.0,0.0,0.0,374.0,690.0,532.0
px_4,0.0,0.0,0.0,374.0,690.0,532.0
px_5,0.0,0.0,0.0,374.0,690.0,532.0
px_6,0.0,0.0,0.0,374.0,690.0,532.0
px_7,0.0,0.0,0.0,374.0,690.0,532.0
px_8,0.0,0.0,0.0,374.0,690.0,532.0
px_9,0.0,0.0,0.0,374.0,690.0,532.0
px_10,0.0,0.0,0.0,374.0,690.0,532.0
px_11,0.0,0.0,0.0,374.0,690.0,532.0
px_15,0.0,0.0,0.0,374.0,690.0,532.0
px_16,0.0,0.0,0.0,374.0,690.0,532.0
px_17,0.0,0.0,0.0,374.0,690.0,532.0
px_18,0.0,0.0,0.0,374.0,690.0,532.0
px_19,0.0,0.0,0.0,374.0,690.0,532.0
px_20,0.0,0.0,0.0,374.0,690.0,532.0
px_21,0.0,0.0,0.0,374.0,690.0,532.0
px_22,0.0,0.0,0.0,374.0,690.0,532.0
px_23,0.0,0.0,0.0,374.0,690.0,532.0
px_24,0.0,0.0,0.0,374.0,690.0,532.0
px_25,0.0,0.0,0.0,374.0,690.0,532.0
px_26,0.0,0.0,0.0,374.0,690.0,532.0
px_27,0.0,0.0,0.0,374.0,690.0,532.0
px_28,0.0,0.0,0.0,374.0,690.0,532.0
px_29,0.0,0.0,0.0,374.0,690.0,532.0
px_30,0.0,0.0,0.0,374.0,690.0,532.0
px_31,0.0,0.0,0.0,374.0,690.0,532.0
px_32,0.0,0.0,0.0,374.0,690.0,532.0
px_52,0.0,0.0,0.0,374.0,690.0,532.0
px_53,0.0,0.0,0.0,374.0,690.0,532.0
px_54,0.0,0.0,0.0,374.0,690.0,532.0
px_55,0.0,0.0,0.0,374.0,690.0,532.0
px_56,0.0,0.0,0.0,374.0,690.0,532.0
px_57,0.0,0.0,0.0,374.0,690.0,532.0
px_58,0.0,0.0,0.0,374.0,690.0,532.0
px_59,0.0,0.0,0.0,374.0,690.0,532.0
px_60,0.0,0.0,0.0,374.0,690.0,532.0
px_82,0.0,0.0,0.0,374.0,690.0,532.0
px_83,0.0,0.0,0.0,374.0,690.0,532.0
px_84,0.0,0.0,0.0,374.0,690.0,532.0
px_85,0.0,0.0,0.0,374.0,690.0,532.0
px_111,0.0,0.0,0.0,374.0,690.0,532.0
px_112,0.0,0.0,0.0,374.0,690.0,532.0
px_113,0.0,0.0,0.0,374.0,690.0,532.0
px_140,0.0,0.0,0.0,374.0,690.0,532.0
px_141,0.0,0.0,0.0,374.0,690.0,532.0
px_168,0.0,0.0,0.0,374.0,690.0,532.0
px_169,0.0,0.0,0.0,374.0,690.0,532.0
px_196,0.0,0.0,0.0,374.0,690.0,532.0
px_252,0.0,0.0,0.0,374.0,690.0,532.0
px_308,0.0,0.0,0.0,374.0,690.0,532.0
px_336,0.0,0.0,0.0,374.0,690.0,532.0
px_337,0.0,0.0,0.0,374.0,690.0,532.0
px_364,0.0,0.0,0.0,374.0,690.0,532.0
px_392,0.0,0.0,0.0,374.0,690.0,532.0
px_393,0.0,0.0,0.0,374.0,690.0,532.0
px_420,0.0,0.0,0.0,374.0,690.0,532.0
px_448,0.0,0.0,0.0,374.0,690.0,532.0
px_476,0.0,0.0,0.0,374.0,690.0,532.0
px_504,0.0,0.0,0.0,374.0,690.0,532.0
px_505,0.0,0.0,0.0,374.0,690.0,532.0
px_532,0.0,0.0,0.0,374.0,690.0,532.0
px_560,0.0,0.0,0.0,374.0,690.0,532.0
px_587,0.0,0.0,0.0,374.0,690.0,532.0
px_588,0.0,0.0,0.0,374.0,690.0,532.0
px_616,0.0,0.0,0.0,374.0,690.0,532.0
px_643,0.0,0.0,0.0,374.0,690.0,532.0
px_644,0.0,0.0,0.0,374.0,690.0,532.0
px_645,0.0,0.0,0.0,374.0,690.0,532.0
px_671,0.0,0.0,0.0,374.0,690.0,532.0
px_672,0.0,0.0,0.0,374.0,690.0,532.0
px_673,0.0,0.0,0.0,374.0,690.0,532.0
px_699,0.0,0.0,0.0,374.0,690.0,532.0
px_700,0.0,0.0,0.0,374.0,690.0,532.0
px_701,0.0,0.0,0.0,374.0,690.0,532.0
px_727,0.0,0.0,0.0,374.0,690.0,532.0
px_728,0.0,0.0,0.0,374.0,690.0,532.0
px_729,0.0,0.0,0.0,374.0,690.0,532.0
px_730,0.0,0.0,0.0,374.0,690.0,532.0
px_753,0.0,0.0,0.0,374.0,690.0,532.0
px_754,0.0,0.0,0.0,374.0,690.0,532.0
px_755,0.0,0.0,0.0,374.0,690.0,532.0
px_756,0.0,0.0,0.0,374.0,690.0,532.0
px_757,0.0,0.0,0.0,374.0,690.0,532.0
px_758,0.0,0.0,0.0,374.0,690.0,532.0
px_759,0.0,0.0,0.0,374.0,690.0,532.0
px_760,0.0,0.0,0.0,374.0,690.0,532.0
px_761,0.0,0.0,0.0,374.0,690.0,532.0
px_779,0.0,0.0,0.0,374.0,690.0,532.0
px_780,0.0,0.0,0.0,374.0,690.0,532.0
px_781,0.0,0.0,0.0,374.0,690.0,532.0
px_782,0.0,0.0,0.0,374.0,690.0,532.0
px_783,0.0,0.0,0.0,374.0,690.0,532.0
px_100,0.0017119935644686873,-8.333333333332416e-06,6.922186552430966e-05,718.0,218.0,468.0
px_387,0.0010727150309241499,-8.333333333332416e-06,4.487637339278259e-05,718.0,297.0,507.5
px_554,0.0007122061855362036,-8.333333333332416e-06,7.861650943379636e-05,718.0,328.0,523.0
px_425,0.0005681192414198847,-8.333333333332416e-06,5.833333333332691e-05,718.0,347.0,532.5
px_230,0.00043201761275946647,-8.333333333332416e-06,6.922186552430966e-05,718.0,370.0,544.0
px_679,0.0003999503588676458,-8.333333333332416e-06,4.487637339278259e-05,718.0,375.0,546.5
px_527,0.0003573199416440377,-8.333333333332416e-06,2.4999999999997247e-05,718.0,379.0,548.5
px_202,0.00033938890059092577,-8.333333333332416e-06,8.700255424091165e-05,718.0,382.0,550.0
px_147,0.0002528962627710384,-8.333333333332416e-06,2.4999999999997247e-05,718.0,396.0,557.0
px_664,0.0002409759924596651,-8.333333333332416e-06,2.4999999999997247e-05,718.0,400.0,559.0
px_257,0.000215550089232741,-8.333333333332416e-06,4.487637339278259e-05,718.0,411.0,564.5
px_500,0.0002016432311258531,-8.333333333332416e-06,2.4999999999997247e-05,718.0,413.0,565.5
px_556,0.00017893242766507116,-8.333333333332416e-06,2.4999999999997247e-05,718.0,419.0,568.5
px_444,0.00017337445191777665,-8.333333333332416e-06,6.922186552430966e-05,718.0,421.0,569.5
px_744,0.0001431449453911252,-8.333333333332416e-06,4.487637339278259e-05,718.0,434.0,576.0
px_360,0.00011364253237032117,-8.333333333332416e-06,2.4999999999997247e-05,718.0,446.0,582.0
px_146,0.00010834084798561677,-8.333333333332416e-06,2.4999999999997247e-05,718.0,454.0,586.0
px_745,0.00010203203456921087,-8.333333333332416e-06,2.4999999999997247e-05,718.0,457.0,587.5
px_340,9.431601534962557e-05,-8.333333333332416e-06,2.4999999999997247e-05,718.0,460.0,589.0
px_312,9.074669936918374e-05,-8.333333333332416e-06,4.487637339278259e-05,718.0,464.0,591.0
px_145,5.14253897433594e-05,-8.333333333332416e-06,2.4999999999997247e-05,718.0,489.0,603.5
px_529,4.9552995398108586e-05,-8.333333333332416e-06,2.4999999999997247e-05,718.0,492.0,605.0
px_488,0.0047641798601330415,-1.6666666666631526e-05,0.0002166666666666838,740.0,50.0,395.0
px_598,0.002398911845992966,-1.6666666666642625e-05,0.00012247448713917865,741.0,172.0,456.5
px_440,0.001350177798679499,-1.6666666666642625e-05,0.00013844373104864873,741.0,266.0,503.5
px_102,0.0016402745973259966,-1.666666666666483e-05,6.236095644622549e-05,743.0,230.0,486.5
px_510,0.001440895875435148,-1.666666666666483e-05,9.71825315807443e-05,743.0,257.0,500.0
px_416,0.0001704288873387688,-1.666666666666483e-05,3.333333333332966e-05,743.0,422.0,582.5
px_738,0.00014766198464892993,-1.666666666666483e-05,3.333333333332966e-05,743.0,432.0,587.5
px_630,0.0014460385945805176,-2.4999999999986144e-05,0.0001445779297741444,747.0,256.0,501.5
px_414,0.0014503109361831976,-2.4999999999997247e-05,0.00010573814617040103,748.0,254.0,501.0
px_711,0.0012432639865771814,-2.4999999999997247e-05,7.499999999999174e-05,748.0,282.0,515.0
px_131,0.0005862573858663309,-2.4999999999997247e-05,6.508541396588162e-05,748.0,346.0,547.0
px_313,0.00022675269382868834,-2.4999999999997247e-05,5.335936864526786e-05,748.0,405.0,576.5
px_201,0.00016719333770562849,-2.4999999999997247e-05,3.8188130791294456e-05,748.0,425.0,586.5
px_654,0.0028876009857339356,-3.333333333329636e-05,0.00023033791601810718,753.0,143.0,448.0
px_344,0.0027310948674583763,-3.3333333333307456e-05,0.00013017082793179735,754.0,153.0,453.5
px_370,0.0010738164178777036,-3.333333333331856e-05,0.00010000000000002043,755.0,296.0,525.5
px_680,0.0006760477964424097,-3.333333333332966e-05,5.5277079839250573e-05,756.0,335.0,545.5
px_443,0.00041182988931402694,-3.333333333332966e-05,5.5277079839250573e-05,756.0,372.0,564.0
px_273,0.0018611980792483968,-4.166666666665098e-05,0.00011931517552730919,758.0,202.0,480.0
px_98,0.0014745402723943322,-4.166666666665098e-05,7.682953714412903e-05,758.0,251.0,504.5
px_203,0.0006725216711759537,-4.166666666666208e-05,0.00010704360482219761,760.0,336.0,548.0
px_246,0.001325969629300714,-4.9999999999983394e-05,0.00010000000000001304,761.0,271.0,516.0
px_247,0.0011551287747820751,-4.999999999999449e-05,9.999999999998899e-05,762.0,290.0,526.0
px_459,0.0043038237858843255,-5.833333333332691e-05,0.00011211353372560191,763.0,68.0,415.5
px_442,0.001355988930913596,-5.833333333332691e-05,0.0001181453906563022,763.0,265.0,514.0
px_581,0.001089343179623593,-5.833333333332691e-05,7.499999999999174e-05,763.0,295.0,529.0
px_717,0.00047151505977033954,-5.833333333332691e-05,3.8188130791294456e-05,763.0,362.0,562.5
px_689,0.00046060841998539595,-5.833333333332691e-05,5.335936864526786e-05,763.0,364.0,563.5
px_158,0.0023146905669389184,-6.666666666662601e-05,0.00023511226632777583,768.0,173.0,470.5
px_104,0.00028319752109281663,-6.666666666665932e-05,3.333333333332966e-05,769.0,394.0,581.5
px_625,0.0034542554106834337,-7.499999999996954e-05,0.0002539958442354736,770.0,114.0,442.0
px_95,0.000537932360825998,-7.499999999999174e-05,2.4999999999997247e-05,771.0,353.0,562.0
px_105,0.00014560337797692833,-7.499999999999174e-05,2.4999999999997247e-05,771.0,433.0,602.0
px_72,0.00011937544623594753,-7.499999999999174e-05,2.4999999999997247e-05,771.0,443.0,607.0
px_371,0.0016745189237280874,-8.333333333331306e-05,0.000111803398875002,774.0,223.0,498.5
px_469,0.0011998558761334307,-9.166666666665657e-05,0.00014166666666665106,775.0,284.0,529.5
px_743,0.00019703665541557667,-9.166666666665657e-05,4.487637339278259e-05,775.0,414.0,594.5
px_655,0.004349672551619522,-0.0001083333333332992,0.00024452334585202954,777.0,66.0,421.5
px_716,0.00045374471880843694,-0.0001083333333333214,5.335936864526786e-05,778.0,366.0,572.0
px_386,0.0025542222882834922,-0.00011666666666665382,5.5277079839250573e-05,779.0,161.0,470.0
px_317,0.0036286936645179213,-0.00014166666666663995,0.00022684429314693492,780.0,103.0,441.5
px_103,0.0007240094330821885,-0.00014166666666665106,5.335936864526786e-05,781.0,326.0,553.5
px_718,0.0003666238826982832,-0.00014999999999998348,3.333333333332966e-05,782.0,378.0,580.0
px_154,0.005899177916521456,-0.0001666666666666261,0.00025276251480172714,783.0,18.0,400.5
px_191,0.0009719465452917853,-0.00019166666666664556,5.335936864526786e-05,784.0,306.0,545.0
